{"cameraMode":{"drawMode":0,"name":"Shaded","section":"Shading Mode"},"sceneLighting":true,"audioPlay":false,"sceneViewState":{"showFog":true,"showMaterialUpdate":false,"showSkybox":true,"showFlares":true,"showImageEffects":true,"showParticleSystems":true},"in2DMode":false,"pivot":{"x":15.541322708129883,"y":25.737117767333986,"z":-107.19758605957031},"rotation":{"x":-0.0020751291885972025,"y":0.9664850831031799,"z":0.007817678153514862,"w":0.25659555196762087},"size":157.15557861328126,"orthographic":false}