{"cameraMode":{"drawMode":0,"name":"Shaded","section":"Shading Mode"},"sceneLighting":false,"audioPlay":false,"sceneViewState":{"showFog":true,"showMaterialUpdate":false,"showSkybox":false,"showFlares":true,"showImageEffects":true,"showParticleSystems":true},"in2DMode":false,"pivot":{"x":-29.458221435546876,"y":-0.4227941036224365,"z":-22.6402645111084},"rotation":{"x":0.007447018753737211,"y":0.9617098569869995,"z":-0.2727070450782776,"w":0.02626105770468712},"size":122.63976287841797,"orthographic":false}