{"cameraMode":{"drawMode":0,"name":"Shaded","section":"Shading Mode"},"sceneLighting":true,"audioPlay":false,"sceneViewState":{"m_AlwaysRefresh":false,"showFog":true,"showSkybox":true,"showFlares":true,"showImageEffects":true,"showParticleSystems":true,"showVisualEffectGraphs":true,"m_FxEnabled":true},"in2DMode":false,"pivot":{"x":-0.22196613252162934,"y":1.27882719039917,"z":-4.81754207611084},"rotation":{"x":0.05070934444665909,"y":-0.1046794056892395,"z":0.005254377145320177,"w":0.9932459592819214},"size":10.061610221862793,"orthographic":true}